"EpgHpoly","LogEpgHpoly","EpgHpolyInt","Diet","Treated","IdExp","Sex","Group","Timept","Age","Dpi","ExpDay","Timept2","BodyWeight","FatScoreTotal","IggTitre","IggStd","IggStdCorrected","IgaConc"
0,0,0,"Transbreed","Y","COL01_01","F","Exp","primary",23,2,34,"primary",NA,NA,NA,NA,NA,NA
0,0,0,"Transbreed","Y","COL01_01","F","Exp","primary",24,4,36,"primary",19.5,NA,NA,NA,NA,NA
0,0,0,"Transbreed","Y","COL01_01","F","Exp","primary",24,7,39,"primary",19,6,NA,NA,NA,NA
0,0,0,"Transbreed","Y","COL01_01","F","Exp","primary",24,9,41,"primary",NA,NA,NA,NA,NA,NA
22.8571428571429,3.17208366336144,23,"Transbreed","Y","COL01_01","F","Exp","primary",25,11,43,"primary",NA,NA,NA,NA,NA,NA
6.58616904500549,2.02632672683144,7,"Transbreed","Y","COL01_01","F","Exp","primary",25,14,46,"primary",19,6,0,-0.003497769,0,13.37
0,0,0,"Transbreed","Y","COL01_01","F","Exp","post.treat",25,16,48,"primary",NA,NA,NA,NA,NA,NA
0,0,0,"Transbreed","Y","COL01_01","F","Exp","post.treat",26,18,50,"primary",18.5,NA,NA,NA,NA,NA
0,0,0,"Transbreed","Y","COL01_01","F","Exp","post.treat",26,21,53,"primary",18.75,NA,0,-0.022668727,0,10.02
0,0,0,"Transbreed","Y","COL01_01","F","Exp","reinfection",26,2,55,"reinfection",NA,NA,NA,NA,NA,NA
0,0,0,"Transbreed","Y","COL01_01","F","Exp","reinfection",27,4,57,"reinfection",NA,NA,NA,NA,NA,NA
0,0,0,"Transbreed","Y","COL01_01","F","Exp","reinfection",27,7,60,"reinfection",18.5,6,NA,NA,NA,NA
0,0,0,"Transbreed","Y","COL01_01","F","Exp","reinfection",27,9,62,"reinfection",NA,NA,NA,NA,NA,NA
0,0,0,"Transbreed","Y","COL01_01","F","Exp","reinfection",28,11,64,"reinfection",NA,NA,NA,NA,NA,NA
0,0,0,"Transbreed","Y","COL01_01","F","Exp","reinfection",28,14,67,"reinfection",19,6,102400,1.123926061,1.155310057,12.427
0,0,0,"RM1","Y","COL01_03","F","Exp","primary",23,2,34,"primary",NA,NA,NA,NA,NA,NA
0,0,0,"RM1","Y","COL01_03","F","Exp","primary",24,4,36,"primary",18,NA,NA,NA,NA,NA
0,0,0,"RM1","Y","COL01_03","F","Exp","primary",24,7,39,"primary",18,7,NA,NA,NA,NA
0,0,0,"RM1","Y","COL01_03","F","Exp","primary",24,9,41,"primary",NA,NA,NA,NA,NA,NA
18.2926829268293,2.95972590106335,19,"RM1","Y","COL01_03","F","Exp","primary",25,11,43,"primary",NA,NA,NA,NA,NA,NA
15.7977883096367,2.82124722950691,16,"RM1","Y","COL01_03","F","Exp","primary",25,14,46,"primary",19,7,400,0.041104332,0.089292469,9.937
0,0,0,"RM1","Y","COL01_03","F","Exp","post.treat",25,16,48,"primary",NA,NA,NA,NA,NA,NA
0,0,0,"RM1","Y","COL01_03","F","Exp","post.treat",26,18,50,"primary",19,NA,NA,NA,NA,NA
0,0,0,"RM1","Y","COL01_03","F","Exp","post.treat",26,21,53,"primary",19,7,200,0.024484381,0.07254734,NA
0,0,0,"RM1","Y","COL01_03","F","Exp","reinfection",26,2,55,"reinfection",NA,NA,NA,NA,NA,NA
0,0,0,"RM1","Y","COL01_03","F","Exp","reinfection",27,4,57,"reinfection",NA,NA,NA,NA,NA,NA
0,0,0,"RM1","Y","COL01_03","F","Exp","reinfection",27,7,60,"reinfection",18.5,7,NA,NA,NA,NA
0,0,0,"RM1","Y","COL01_03","F","Exp","reinfection",27,9,62,"reinfection",NA,NA,NA,NA,NA,NA
0,0,0,"RM1","Y","COL01_03","F","Exp","reinfection",28,11,64,"reinfection",NA,NA,NA,NA,NA,NA
0,0,0,"RM1","Y","COL01_03","F","Exp","reinfection",28,14,67,"reinfection",19,7,51200,0.95620814,1.053692,9.691
0,0,0,"Transbreed","N","COL01_04","F","Exp","primary",23,2,34,"primary",NA,NA,NA,NA,NA,NA
0,0,0,"Transbreed","N","COL01_04","F","Exp","primary",23,4,36,"primary",18.75,NA,NA,NA,NA,NA
0,0,0,"Transbreed","N","COL01_04","F","Exp","primary",23,7,39,"primary",20,8,NA,NA,NA,NA
2.95420974889217,1.37478077060808,3,"Transbreed","N","COL01_04","F","Exp","primary",24,9,41,"primary",NA,NA,NA,NA,NA,NA
14.2348754448399,2.7235872368112,15,"Transbreed","N","COL01_04","F","Exp","primary",24,11,43,"primary",NA,NA,NA,NA,NA,NA
9.80392156862745,2.37990917642859,10,"Transbreed","N","COL01_04","F","Exp","primary",24,14,46,"primary",19,7.5,3200,0.03447279,0.072599222,10.537
0,0,0,"Transbreed","N","COL01_04","F","Exp","post.treat",25,16,48,"primary",NA,NA,NA,NA,NA,NA
3.02114803625378,1.39156744301805,4,"Transbreed","N","COL01_04","F","Exp","post.treat",25,18,50,"primary",NA,NA,NA,NA,NA,NA
0,0,0,"Transbreed","N","COL01_04","F","Exp","post.treat",25,21,53,"primary",18.5,7.5,25600,0.395620438,0.451527512,11.331
0,0,0,"Transbreed","N","COL01_04","F","Exp","reinfection",26,2,55,"reinfection",NA,NA,NA,NA,NA,NA
0,0,0,"Transbreed","N","COL01_04","F","Exp","reinfection",26,4,57,"reinfection",NA,NA,NA,NA,NA,NA
0,0,0,"Transbreed","N","COL01_04","F","Exp","reinfection",26,7,60,"reinfection",17.75,7,NA,NA,NA,NA
0,0,0,"Transbreed","N","COL01_04","F","Exp","reinfection",27,9,62,"reinfection",NA,NA,NA,NA,NA,NA
0,0,0,"Transbreed","N","COL01_04","F","Exp","reinfection",27,11,64,"reinfection",NA,NA,NA,NA,NA,NA
0,0,0,"Transbreed","N","COL01_04","F","Exp","reinfection",27,14,67,"reinfection",18,7,102400,1.145012165,1.234333473,12.244
3.38409475465313,1.47798316315601,4,"Transbreed","Y","COL01_05","F","Exp","primary",20,2,34,"primary",NA,NA,NA,NA,NA,NA
0,0,0,"Transbreed","Y","COL01_05","F","Exp","primary",20,4,36,"primary",18.25,NA,NA,NA,NA,NA
0,0,0,"Transbreed","Y","COL01_05","F","Exp","primary",20,7,39,"primary",18,7,NA,NA,NA,NA
0,0,0,"Transbreed","Y","COL01_05","F","Exp","primary",21,9,41,"primary",NA,NA,NA,NA,NA,NA
91.9540229885058,4.53210499444124,92,"Transbreed","Y","COL01_05","F","Exp","primary",21,11,43,"primary",NA,NA,NA,NA,NA,NA
33.7078651685393,3.54696632318644,34,"Transbreed","Y","COL01_05","F","Exp","primary",21,14,46,"primary",19.25,7,200,0.02828619,0.076071701,12.83
0,0,0,"Transbreed","Y","COL01_05","F","Exp","post.treat",22,16,48,"primary",NA,NA,NA,NA,NA,NA
0,0,0,"Transbreed","Y","COL01_05","F","Exp","post.treat",22,18,50,"primary",19.25,NA,NA,NA,NA,NA
0,0,0,"Transbreed","Y","COL01_05","F","Exp","post.treat",22,21,53,"primary",18,7,25600,0.073209511,0.106683617,10.483
0,0,0,"Transbreed","Y","COL01_05","F","Exp","reinfection",23,2,55,"reinfection",NA,NA,NA,NA,NA,NA
0,0,0,"Transbreed","Y","COL01_05","F","Exp","reinfection",23,4,57,"reinfection",NA,NA,NA,NA,NA,NA
0,0,0,"Transbreed","Y","COL01_05","F","Exp","reinfection",23,7,60,"reinfection",18,8,NA,NA,NA,NA
0,0,0,"Transbreed","Y","COL01_05","F","Exp","reinfection",24,9,62,"reinfection",NA,NA,NA,NA,NA,NA
0,0,0,"Transbreed","Y","COL01_05","F","Exp","reinfection",24,11,64,"reinfection",NA,NA,NA,NA,NA,NA
0,0,0,"Transbreed","Y","COL01_05","F","Exp","reinfection",24,14,67,"reinfection",19,7,102400,1.163777742,1.264751885,10.292
0,0,0,"RM1","N","COL01_06","F","Exp","primary",20,2,34,"primary",NA,NA,NA,NA,NA,NA
0,0,0,"RM1","N","COL01_06","F","Exp","primary",20,4,36,"primary",17.5,NA,NA,NA,NA,NA
0,0,0,"RM1","N","COL01_06","F","Exp","primary",20,7,39,"primary",18,6,NA,NA,NA,11.858
43.613707165109,3.79804114734869,44,"RM1","N","COL01_06","F","Exp","primary",21,9,41,"primary",NA,NA,NA,NA,NA,NA
26.865671641791,3.32739552415075,27,"RM1","N","COL01_06","F","Exp","primary",21,11,43,"primary",NA,NA,NA,NA,NA,NA
20.6185567010309,3.07355205239854,21,"RM1","N","COL01_06","F","Exp","primary",21,14,46,"primary",18.5,7,100,0.01076823,0.051741608,NA
0,0,0,"RM1","N","COL01_06","F","Exp","post.treat",22,16,48,"primary",NA,NA,NA,NA,NA,NA
0,0,0,"RM1","N","COL01_06","F","Exp","post.treat",22,18,50,"primary",NA,NA,NA,NA,NA,NA
2.6281208935611,1.28871485406847,3,"RM1","N","COL01_06","F","Exp","post.treat",22,21,53,"primary",18.25,7,NA,NA,NA,12.745
0,0,0,"RM1","N","COL01_06","F","Exp","reinfection",23,2,55,"reinfection",18.5,7,NA,NA,NA,NA
0,0,0,"RM1","N","COL01_06","F","Exp","reinfection",23,4,57,"reinfection",19,NA,NA,NA,NA,NA
0,0,0,"RM1","N","COL01_06","F","Exp","reinfection",23,7,60,"reinfection",18,6,1600,0.516228748,0.612798076,NA
0,0,0,"RM1","N","COL01_06","F","Exp","reinfection",24,9,62,"reinfection",NA,NA,NA,NA,NA,NA
0,0,0,"RM1","N","COL01_06","F","Exp","reinfection",24,11,64,"reinfection",NA,NA,NA,NA,NA,NA
0,0,0,"RM1","N","COL01_06","F","Exp","reinfection",24,14,67,"reinfection",19,7,102400,1.276444337,1.39058658,11.753
0,0,0,"Transbreed","N","COL01_07","F","Exp","primary",20,2,34,"primary",NA,NA,NA,NA,NA,NA
0,0,0,"Transbreed","N","COL01_07","F","Exp","primary",20,4,36,"primary",16.25,NA,NA,NA,NA,NA
0,0,0,"Transbreed","N","COL01_07","F","Exp","primary",20,7,39,"primary",16,7.5,NA,NA,NA,NA
2.01612903225806,1.10397423180949,3,"Transbreed","N","COL01_07","F","Exp","primary",21,9,41,"primary",NA,NA,NA,NA,NA,NA
24.6913580246914,3.2461546717212,25,"Transbreed","N","COL01_07","F","Exp","primary",21,11,43,"primary",NA,NA,NA,NA,NA,NA
0,0,0,"Transbreed","N","COL01_07","F","Exp","primary",21,14,46,"primary",16.25,8,12800,0.213186457,0.270788953,11.843
0,0,0,"Transbreed","N","COL01_07","F","Exp","post.treat",22,16,48,"primary",NA,NA,NA,NA,NA,NA
0,0,0,"Transbreed","N","COL01_07","F","Exp","post.treat",22,18,50,"primary",NA,NA,NA,NA,NA,NA
0,0,0,"Transbreed","N","COL01_07","F","Exp","post.treat",22,21,53,"primary",16,7.5,NA,NA,NA,12.086
0,0,0,"Transbreed","N","COL01_07","F","Exp","reinfection",23,2,55,"reinfection",NA,NA,NA,NA,NA,NA
0,0,0,"Transbreed","N","COL01_07","F","Exp","reinfection",23,4,57,"reinfection",NA,NA,NA,NA,NA,NA
0,0,0,"Transbreed","N","COL01_07","F","Exp","reinfection",23,7,60,"reinfection",16.25,7.5,102400,0.921756034,1.011687703,NA
0,0,0,"Transbreed","N","COL01_07","F","Exp","reinfection",24,9,62,"reinfection",NA,NA,NA,NA,NA,NA
0,0,0,"Transbreed","N","COL01_07","F","Exp","reinfection",24,11,64,"reinfection",NA,NA,NA,NA,NA,NA
0,0,0,"Transbreed","N","COL01_07","F","Exp","reinfection",24,14,67,"reinfection",17,7.5,102400,1.092428306,1.20009524,9.57
0,0,0,"RM1","Y","COL01_08","F","Exp","primary",20,2,34,"primary",NA,NA,NA,NA,NA,NA
0,0,0,"RM1","Y","COL01_08","F","Exp","primary",20,4,36,"primary",17.5,NA,NA,NA,NA,NA
0,0,0,"RM1","Y","COL01_08","F","Exp","primary",20,7,39,"primary",17.75,8,NA,NA,NA,12.171
16.7832167832168,2.87825513516221,17,"RM1","Y","COL01_08","F","Exp","primary",21,9,41,"primary",NA,NA,NA,NA,NA,NA
71.8390804597701,4.28825263066893,72,"RM1","Y","COL01_08","F","Exp","primary",21,11,43,"primary",NA,NA,NA,NA,NA,NA
10.752688172043,2.46408199502328,11,"RM1","Y","COL01_08","F","Exp","primary",21,14,46,"primary",18,NA,1600,0.158035898,0.214346861,NA
0,0,0,"RM1","Y","COL01_08","F","Exp","post.treat",22,16,48,"primary",NA,NA,NA,NA,NA,NA
0,0,0,"RM1","Y","COL01_08","F","Exp","post.treat",22,18,50,"primary",18.25,NA,NA,NA,NA,NA
0,0,0,"RM1","Y","COL01_08","F","Exp","post.treat",22,21,53,"primary",17.5,7.5,400,0.127769191,0.223531075,NA
0,0,0,"RM1","Y","COL01_08","F","Exp","reinfection",23,2,55,"reinfection",NA,NA,NA,NA,NA,NA
0,0,0,"RM1","Y","COL01_08","F","Exp","reinfection",23,4,57,"reinfection",NA,NA,NA,NA,NA,NA
0,0,0,"RM1","Y","COL01_08","F","Exp","reinfection",23,7,60,"reinfection",17,7,NA,NA,NA,NA
0,0,0,"RM1","Y","COL01_08","F","Exp","reinfection",24,9,62,"reinfection",NA,NA,NA,NA,NA,NA
0,0,0,"RM1","Y","COL01_08","F","Exp","reinfection",24,11,64,"reinfection",NA,NA,NA,NA,NA,NA
0,0,0,"RM1","Y","COL01_08","F","Exp","reinfection",24,14,67,"reinfection",17,7,102400,0.980560505,1.073175185,13.527
0,0,0,"Transbreed","Y","COL01_11","M","Exp","primary",26,2,34,"primary",NA,NA,NA,NA,NA,NA
0,0,0,"Transbreed","Y","COL01_11","M","Exp","primary",26,4,36,"primary",23,10,NA,NA,NA,NA
0,0,0,"Transbreed","Y","COL01_11","M","Exp","primary",26,7,39,"primary",23.5,10,NA,NA,NA,NA
2.88600288600289,1.3573810936217,3,"Transbreed","Y","COL01_11","M","Exp","primary",27,9,41,"primary",NA,NA,NA,NA,NA,NA
10.5263157894737,2.44463275065006,11,"Transbreed","Y","COL01_11","M","Exp","primary",27,11,43,"primary",NA,NA,NA,NA,NA,NA
3.09119010819165,1.4088359077262,4,"Transbreed","Y","COL01_11","M","Exp","primary",27,14,46,"primary",23,10,200,0.019659872,0.067468191,13.061
0,0,0,"Transbreed","Y","COL01_11","M","Exp","post.treat",28,16,48,"primary",NA,NA,NA,NA,NA,NA
0,0,0,"Transbreed","Y","COL01_11","M","Exp","post.treat",28,18,50,"primary",23,NA,NA,NA,NA,NA
0,0,0,"Transbreed","Y","COL01_11","M","Exp","post.treat",28,21,53,"primary",22.25,10,25600,0.219483992,0.235390363,11.791
0,0,0,"Transbreed","Y","COL01_11","M","Exp","reinfection",29,2,55,"reinfection",NA,NA,NA,NA,NA,NA
0,0,0,"Transbreed","Y","COL01_11","M","Exp","reinfection",29,4,57,"reinfection",NA,NA,NA,NA,NA,NA
0,0,0,"Transbreed","Y","COL01_11","M","Exp","reinfection",29,7,60,"reinfection",23,10,25600,0.78326085,0.793588133,NA
0,0,0,"Transbreed","Y","COL01_11","M","Exp","reinfection",30,9,62,"reinfection",NA,NA,NA,NA,NA,NA
0,0,0,"Transbreed","Y","COL01_11","M","Exp","reinfection",30,11,64,"reinfection",NA,NA,NA,NA,NA,NA
0,0,0,"Transbreed","Y","COL01_11","M","Exp","reinfection",30,14,67,"reinfection",23,10,102400,1.140588388,1.171604883,8.691
0,0,0,"RM1","N","COL01_12","M","Exp","primary",26,2,34,"primary",NA,NA,NA,NA,NA,NA
0,0,0,"RM1","N","COL01_12","M","Exp","primary",26,4,36,"primary",25,NA,NA,NA,NA,NA
0,0,0,"RM1","N","COL01_12","M","Exp","primary",26,7,39,"primary",25,8,NA,NA,NA,NA
8.06451612903226,2.2043674648486,9,"RM1","N","COL01_12","M","Exp","primary",27,9,41,"primary",NA,NA,NA,NA,NA,NA
247.093023255814,5.51380376960834,248,"RM1","N","COL01_12","M","Exp","primary",27,11,43,"primary",NA,NA,NA,NA,NA,9.77
2.50312891113892,1.25365654374918,3,"RM1","N","COL01_12","M","Exp","primary",27,14,46,"primary",24,10,800,0.169343066,0.215160777,NA
0,0,0,"RM1","N","COL01_12","M","Exp","post.treat",28,16,48,"primary",NA,NA,NA,NA,NA,NA
0,0,0,"RM1","N","COL01_12","M","Exp","post.treat",28,18,50,"primary",NA,NA,NA,NA,NA,8.275
0,0,0,"RM1","N","COL01_12","M","Exp","post.treat",28,21,53,"primary",24,9,12800,0.143112578,0.198603327,NA
0,0,0,"RM1","N","COL01_12","M","Exp","reinfection",29,2,55,"reinfection",NA,NA,NA,NA,NA,NA
0,0,0,"RM1","N","COL01_12","M","Exp","reinfection",29,4,57,"reinfection",NA,NA,NA,NA,NA,NA
0,0,0,"RM1","N","COL01_12","M","Exp","reinfection",29,7,60,"reinfection",24.5,9,12800,0.255524984,0.290998057,NA
0,0,0,"RM1","N","COL01_12","M","Exp","reinfection",30,9,62,"reinfection",NA,NA,NA,NA,NA,NA
3.68324125230203,1.54399044548819,4,"RM1","N","COL01_12","M","Exp","reinfection",30,11,64,"reinfection",NA,NA,NA,NA,NA,NA
0,0,0,"RM1","N","COL01_12","M","Exp","reinfection",30,14,67,"reinfection",24.75,9,102400,1.367131604,1.245204155,NA
0,0,0,"Transbreed","N","COL01_13","M","Exp","primary",23,2,34,"primary",NA,NA,NA,NA,NA,NA
0,0,0,"Transbreed","N","COL01_13","M","Exp","primary",24,4,36,"primary",35,10,NA,NA,NA,NA
0,0,0,"Transbreed","N","COL01_13","M","Exp","primary",24,7,39,"primary",35,10,NA,NA,NA,NA
8.27586206896552,2.22741554961537,9,"Transbreed","N","COL01_13","M","Exp","primary",24,9,41,"primary",NA,NA,NA,NA,NA,NA
7.7720207253886,2.17156719322825,8,"Transbreed","N","COL01_13","M","Exp","primary",25,11,43,"primary",NA,NA,NA,NA,NA,NA
12.012012012012,2.56587293175946,13,"Transbreed","N","COL01_13","M","Exp","primary",25,14,46,"primary",34.5,10,800,0.057866519,0.106581166,11.579
0,0,0,"Transbreed","N","COL01_13","M","Exp","post.treat",25,16,48,"primary",NA,NA,NA,NA,NA,NA
0,0,0,"Transbreed","N","COL01_13","M","Exp","post.treat",26,18,50,"primary",NA,NA,NA,NA,NA,NA
0,0,0,"Transbreed","N","COL01_13","M","Exp","post.treat",26,21,53,"primary",34.25,10,6400,0.518602572,0.59473096,12.697
0,0,0,"Transbreed","N","COL01_13","M","Exp","reinfection",26,2,55,"reinfection",NA,NA,NA,NA,NA,NA
0,0,0,"Transbreed","N","COL01_13","M","Exp","reinfection",27,4,57,"reinfection",NA,NA,NA,NA,NA,NA
0,0,0,"Transbreed","N","COL01_13","M","Exp","reinfection",27,7,60,"reinfection",35,10,102400,0.910002663,0.914290895,NA
0,0,0,"Transbreed","N","COL01_13","M","Exp","reinfection",27,9,62,"reinfection",NA,NA,NA,NA,NA,NA
0,0,0,"Transbreed","N","COL01_13","M","Exp","reinfection",28,11,64,"reinfection",NA,NA,NA,NA,NA,NA
0,0,0,"Transbreed","N","COL01_13","M","Exp","reinfection",28,14,67,"reinfection",35.5,10,102400,1.234313981,1.263263277,12.292
0,0,0,"RM1","Y","COL01_14","M","Exp","primary",23,2,34,"primary",NA,NA,NA,NA,NA,NA
0,0,0,"RM1","Y","COL01_14","M","Exp","primary",24,4,36,"primary",24,NA,NA,NA,NA,NA
0,0,0,"RM1","Y","COL01_14","M","Exp","primary",24,7,39,"primary",24.5,8,NA,NA,NA,NA
3.003003003003,1.38704483019826,4,"RM1","Y","COL01_14","M","Exp","primary",24,9,41,"primary",NA,NA,NA,NA,NA,NA
8.78477306002928,2.28082740794028,9,"RM1","Y","COL01_14","M","Exp","primary",25,11,43,"primary",NA,NA,NA,NA,NA,10.762
0,0,0,"RM1","Y","COL01_14","M","Exp","primary",25,14,46,"primary",24.5,8,0,-0.001787145,0,NA
0,0,0,"RM1","Y","COL01_14","M","Exp","post.treat",25,16,48,"primary",NA,NA,NA,NA,NA,NA
0,0,0,"RM1","Y","COL01_14","M","Exp","post.treat",26,18,50,"primary",24.5,NA,NA,NA,NA,11.288
0,0,0,"RM1","Y","COL01_14","M","Exp","post.treat",26,21,53,"primary",24.75,8,400,0.053782602,0.104112143,NA
0,0,0,"RM1","Y","COL01_14","M","Exp","reinfection",26,2,55,"reinfection",NA,NA,NA,NA,NA,NA
0,0,0,"RM1","Y","COL01_14","M","Exp","reinfection",27,4,57,"reinfection",NA,NA,NA,NA,NA,NA
0,0,0,"RM1","Y","COL01_14","M","Exp","reinfection",27,7,60,"reinfection",26,8,12800,0.411023343,0.439087161,NA
6.86813186813187,2.0628206604438,7,"RM1","Y","COL01_14","M","Exp","reinfection",27,9,62,"reinfection",NA,NA,NA,NA,NA,NA
3.10945273631841,1.4132898654619,4,"RM1","Y","COL01_14","M","Exp","reinfection",28,11,64,"reinfection",NA,NA,NA,NA,NA,NA
2.65604249667995,1.29638127734271,3,"RM1","Y","COL01_14","M","Exp","reinfection",28,14,67,"reinfection",26,7.5,25600,0.935766423,1.015757782,9.819
0,0,0,"Transbreed","Y","COL01_15","M","Exp","primary",23,2,34,"primary",NA,NA,NA,NA,NA,NA
0,0,0,"Transbreed","Y","COL01_15","M","Exp","primary",24,4,36,"primary",28,NA,NA,NA,NA,NA
0,0,0,"Transbreed","Y","COL01_15","M","Exp","primary",24,7,39,"primary",28,9.5,NA,NA,NA,NA
1.07642626480086,0.73064827409189,2,"Transbreed","Y","COL01_15","M","Exp","primary",24,9,41,"primary",NA,NA,NA,NA,NA,NA
12.012012012012,2.56587293175946,13,"Transbreed","Y","COL01_15","M","Exp","primary",25,11,43,"primary",NA,NA,NA,NA,NA,NA
2.1551724137931,1.149043142295,3,"Transbreed","Y","COL01_15","M","Exp","primary",25,14,46,"primary",27,NA,200,0.016454058,0.063867915,11.24
0,0,0,"Transbreed","Y","COL01_15","M","Exp","post.treat",25,16,48,"primary",NA,NA,NA,NA,NA,NA
0,0,0,"Transbreed","Y","COL01_15","M","Exp","post.treat",26,18,50,"primary",NA,NA,NA,NA,NA,NA
0,0,0,"Transbreed","Y","COL01_15","M","Exp","post.treat",26,21,53,"primary",27,9,800,0.138245249,0.191369277,12.803
0,0,0,"Transbreed","Y","COL01_15","M","Exp","reinfection",26,2,55,"reinfection",NA,NA,NA,NA,NA,NA
0,0,0,"Transbreed","Y","COL01_15","M","Exp","reinfection",27,4,57,"reinfection",NA,NA,NA,NA,NA,NA
0,0,0,"Transbreed","Y","COL01_15","M","Exp","reinfection",27,7,60,"reinfection",28,10,102400,0.585692731,0.605433826,NA
0,0,0,"Transbreed","Y","COL01_15","M","Exp","reinfection",27,9,62,"reinfection",NA,NA,NA,NA,NA,NA
0,0,0,"Transbreed","Y","COL01_15","M","Exp","reinfection",28,11,64,"reinfection",NA,NA,NA,NA,NA,NA
0,0,0,"Transbreed","Y","COL01_15","M","Exp","reinfection",28,14,67,"reinfection",28,9,102400,1.109516343,1.214848015,11.258
0,0,0,"RM1","N","COL01_16","M","Exp","primary",23,2,34,"primary",NA,NA,NA,NA,NA,NA
0,0,0,"RM1","N","COL01_16","M","Exp","primary",23,4,36,"primary",25.75,NA,NA,NA,NA,NA
0,0,0,"RM1","N","COL01_16","M","Exp","primary",23,7,39,"primary",26.5,9,NA,NA,NA,NA
2.9673590504451,1.37810064674958,3,"RM1","N","COL01_16","M","Exp","primary",24,9,41,"primary",NA,NA,NA,NA,NA,NA
6.22083981337481,1.9769712637823,7,"RM1","N","COL01_16","M","Exp","primary",24,11,43,"primary",NA,NA,NA,NA,NA,NA
23.8095238095238,3.21122760402994,24,"RM1","N","COL01_16","M","Exp","primary",24,14,46,"primary",24.5,NA,NA,NA,NA,9.047
0,0,0,"RM1","N","COL01_16","M","Exp","post.treat",25,16,48,"primary",25,8.5,NA,NA,NA,NA
0,0,0,"RM1","N","COL01_16","M","Exp","post.treat",25,18,50,"primary",25.25,8.5,NA,NA,NA,NA
0,0,0,"RM1","N","COL01_16","M","Exp","post.treat",25,21,53,"primary",25.5,8.5,1600,0.170419569,0.226070785,10.931
0,0,0,"RM1","N","COL01_16","M","Exp","reinfection",26,2,55,"reinfection",27,NA,NA,NA,NA,NA
0,0,0,"RM1","N","COL01_16","M","Exp","reinfection",26,4,57,"reinfection",26.5,NA,NA,NA,NA,NA
0,0,0,"RM1","N","COL01_16","M","Exp","reinfection",26,7,60,"reinfection",27,9,6400,0.379071625,0.408657893,NA
0,0,0,"RM1","N","COL01_16","M","Exp","reinfection",27,9,62,"reinfection",NA,NA,NA,NA,NA,NA
0,0,0,"RM1","N","COL01_16","M","Exp","reinfection",27,11,64,"reinfection",NA,NA,NA,NA,NA,NA
0,0,0,"RM1","N","COL01_16","M","Exp","reinfection",27,14,67,"reinfection",25,8.5,102400,1.241628027,1.339705155,10.711
0,0,0,"Transbreed","N","COL01_17","M","Ctrl","pre",31,NA,50,"pre",NA,NA,NA,NA,NA,16.011
0,0,0,"Transbreed","N","COL01_17","M","Ctrl","primary",32,23,55,"primary",NA,NA,NA,NA,NA,NA
0,0,0,"Transbreed","N","COL01_17","M","Ctrl","primary",32,25,57,"primary",NA,NA,NA,NA,NA,NA
0,0,0,"Transbreed","N","COL01_17","M","Ctrl","primary",33,28,60,"primary",22.5,9,NA,NA,NA,NA
0,0,0,"Transbreed","N","COL01_17","M","Ctrl","primary",33,30,62,"primary",NA,NA,NA,NA,NA,NA
0,0,0,"Transbreed","N","COL01_17","M","Ctrl","primary",33,32,64,"primary",NA,NA,NA,NA,NA,NA
0,0,0,"Transbreed","N","COL01_17","M","Ctrl","primary",34,35,67,"primary",24,9,0,-0.043276662,0.05212969,10.132
0,0,0,"RM1","N","COL01_18","M","Ctrl","pre",30,NA,41,"pre",NA,NA,NA,NA,NA,10.207
0,0,0,"RM1","N","COL01_18","M","Ctrl","pre",30,NA,43,"pre",NA,NA,NA,NA,NA,NA
0,0,0,"RM1","N","COL01_18","M","Ctrl","pre",31,NA,46,"pre",22,7.5,6400,0.039902676,0.079948838,NA
0,0,0,"RM1","N","COL01_18","M","Ctrl","primary",32,23,55,"primary",NA,NA,NA,NA,NA,NA
0,0,0,"RM1","N","COL01_18","M","Ctrl","primary",32,25,57,"primary",NA,NA,NA,NA,NA,NA
0,0,0,"RM1","N","COL01_18","M","Ctrl","primary",33,28,60,"primary",23,8,NA,NA,NA,NA
0,0,0,"RM1","N","COL01_18","M","Ctrl","primary",33,30,62,"primary",NA,NA,NA,NA,NA,NA
10.1694915254237,2.41318609059679,11,"RM1","N","COL01_18","M","Ctrl","primary",33,32,64,"primary",NA,NA,NA,NA,NA,NA
8.32177531206657,2.23235309468502,9,"RM1","N","COL01_18","M","Ctrl","primary",34,35,67,"primary",23,7,100,0.003025927,0,8.066
0,0,0,"Transbreed","N","COL01_19","M","Ctrl","pre",17,NA,41,"pre",NA,NA,NA,NA,NA,NA
0,0,0,"Transbreed","N","COL01_19","M","Ctrl","pre",18,NA,46,"pre",20.5,8,0,0.007029419,0,10.18
0,0,0,"Transbreed","N","COL01_19","M","Ctrl","primary",19,23,55,"primary",NA,NA,NA,NA,NA,NA
0,0,0,"Transbreed","N","COL01_19","M","Ctrl","primary",20,25,57,"primary",NA,NA,NA,NA,NA,NA
0,0,0,"Transbreed","N","COL01_19","M","Ctrl","primary",20,28,60,"primary",21.5,7.5,0,-0.006874925,0,NA
0,0,0,"Transbreed","N","COL01_19","M","Ctrl","primary",20,30,62,"primary",NA,NA,NA,NA,NA,NA
2.44498777506112,1.23692035585588,3,"Transbreed","N","COL01_19","M","Ctrl","primary",21,32,64,"primary",NA,NA,NA,NA,NA,NA
0,0,0,"Transbreed","N","COL01_19","M","Ctrl","primary",21,35,67,"primary",20.75,7,0,0.002063132,0,8.689
0,0,0,"Transbreed","N","COL01_21","F","Ctrl","pre",38,NA,39,"pre",18.25,8.5,NA,NA,NA,NA
0,0,0,"Transbreed","N","COL01_21","F","Ctrl","pre",38,NA,41,"pre",NA,NA,NA,NA,NA,NA
0,0,0,"Transbreed","N","COL01_21","F","Ctrl","primary",40,23,55,"primary",NA,NA,NA,NA,NA,NA
0,0,0,"Transbreed","N","COL01_21","F","Ctrl","primary",40,25,57,"primary",NA,NA,NA,NA,NA,NA
0,0,0,"Transbreed","N","COL01_21","F","Ctrl","primary",41,28,60,"primary",18.5,8.5,1600,0.00498663,0.046654384,NA
0,0,0,"Transbreed","N","COL01_21","F","Ctrl","primary",41,30,62,"primary",NA,NA,NA,NA,NA,NA
3.32225913621262,1.46377821376363,4,"Transbreed","N","COL01_21","F","Ctrl","primary",41,32,64,"primary",NA,NA,NA,NA,NA,NA
5.21512385919166,1.82698565383757,6,"Transbreed","N","COL01_21","F","Ctrl","primary",42,35,67,"primary",18.25,8,25600,0.014417625,0.062951101,10.978
0,0,0,"RM1","N","COL01_22","F","Ctrl","pre",32,NA,36,"pre",17,NA,NA,NA,NA,NA
0,0,0,"RM1","N","COL01_22","F","Ctrl","primary",35,23,55,"primary",16.5,NA,NA,NA,NA,NA
0,0,0,"RM1","N","COL01_22","F","Ctrl","primary",35,25,57,"primary",16.5,NA,NA,NA,NA,NA
0,0,0,"RM1","N","COL01_22","F","Ctrl","primary",35,28,60,"primary",16.5,7.5,NA,NA,NA,NA
0,0,0,"RM1","N","COL01_22","F","Ctrl","primary",36,30,62,"primary",NA,NA,NA,NA,NA,NA
0,0,0,"RM1","N","COL01_22","F","Ctrl","primary",36,32,64,"primary",NA,NA,NA,NA,NA,12.355
0,0,0,"RM1","N","COL01_22","F","Ctrl","primary",36,35,67,"primary",16.25,7,200,0.013496025,0.060816969,NA
0,0,0,"RM1","N","COL01_24","F","Ctrl","primary",19,23,55,"primary",NA,NA,NA,NA,NA,NA
0,0,0,"RM1","N","COL01_24","F","Ctrl","primary",20,25,57,"primary",NA,NA,NA,NA,NA,NA
0,0,0,"RM1","N","COL01_24","F","Ctrl","primary",20,28,60,"primary",18,8,100,-0.008076684,0,NA
0,0,0,"RM1","N","COL01_24","F","Ctrl","primary",20,30,62,"primary",NA,NA,NA,NA,NA,NA
17.6991150442478,2.92847619890372,18,"RM1","N","COL01_24","F","Ctrl","primary",21,32,64,"primary",NA,NA,NA,NA,NA,NA
8.87573964497041,2.29008120873876,9,"RM1","N","COL01_24","F","Ctrl","primary",21,35,67,"primary",17.25,7.5,200,0.022863129,0.070478299,9.36
